{"train_runtime":3339.5644,"_runtime":3347,"train/global_step":642,"total_flos":6.70780109094912e+14,"train_loss":3.2493980970709493,"_step":128,"train/grad_norm":0.7270558476448059,"train/loss":2.9161,"_timestamp":1.7607072128397994e+09,"train_steps_per_second":0.192,"train_samples_per_second":3.064,"train/learning_rate":2.336448598130841e-06,"_wandb":{"runtime":3347},"train/epoch":3}